URL,SEARCH,SONG,ARTIST
https://www.outsystems.com/blog/posts/outsystems-community-music-contest/,What we have,What We Have  , Slum Village
https://www.outsystems.com/blog/posts/outsystems-community-music-contest/,What we have,What We Have  , CyHi The Prynce
https://www.outsystems.com/blog/posts/what-is-a-microservice/,Why did you,Why Did You  , Kumbia Kings
https://www.outsystems.com/blog/posts/what-is-a-microservice/,Fall From Grace,Fall From Grace  , Infernal
https://www.outsystems.com/blog/posts/what-is-a-microservice/,Fall From Grace,Fall From Grace  , The Red Jumpsuit Apparatus
https://www.outsystems.com/blog/posts/what-is-a-microservice/,Fall From Grace,Fall From Grace  , BoySetsFire
https://www.outsystems.com/blog/posts/what-is-a-microservice/,Fall From Grace,Fall From Grace  , Meat Loaf
https://www.outsystems.com/blog/posts/what-is-a-microservice/,Fall From Grace,Fall From Grace  , Magna-Fi
https://www.outsystems.com/blog/posts/what-is-a-microservice/,look so easy,Look So Easy  , Dave Barnes
https://www.outsystems.com/blog/posts/what-is-a-microservice/,get it up,Get It Up  , Kodak Black
https://www.outsystems.com/blog/posts/what-is-a-microservice/,get it up,Get It Up  , Wild Cherry
https://www.outsystems.com/blog/posts/what-is-a-microservice/,Wouldn't You Agree,Wouldn't You Agree,Kelis
https://www.outsystems.com/blog/posts/what-is-a-microservice/,So without further,Warning (Intro),Ludacris
https://www.outsystems.com/blog/posts/what-is-a-microservice/,Why did you,Why Did You  , Kumbia Kings
https://www.outsystems.com/blog/posts/what-is-a-microservice/,Fall From Grace,Fall From Grace  , Infernal
https://www.outsystems.com/blog/posts/what-is-a-microservice/,Fall From Grace,Fall From Grace  , The Red Jumpsuit Apparatus
https://www.outsystems.com/blog/posts/what-is-a-microservice/,Fall From Grace,Fall From Grace  , BoySetsFire
https://www.outsystems.com/blog/posts/what-is-a-microservice/,Fall From Grace,Fall From Grace  , Meat Loaf
https://www.outsystems.com/blog/posts/what-is-a-microservice/,Fall From Grace,Fall From Grace  , Magna-Fi
https://www.outsystems.com/blog/posts/what-is-a-microservice/,look so easy,Look So Easy  , Dave Barnes
https://www.outsystems.com/blog/posts/what-is-a-microservice/,get it up,Get It Up  , Kodak Black
https://www.outsystems.com/blog/posts/what-is-a-microservice/,Why did you,Why Did You  , Kumbia Kings
https://www.outsystems.com/blog/posts/what-is-a-microservice/,Fall From Grace,Fall From Grace  , Infernal
https://www.outsystems.com/blog/posts/what-is-a-microservice/,Fall From Grace,Fall From Grace  , The Red Jumpsuit Apparatus
https://www.outsystems.com/blog/posts/what-is-a-microservice/,Fall From Grace,Fall From Grace  , BoySetsFire
https://www.outsystems.com/blog/posts/what-is-a-microservice/,Fall From Grace,Fall From Grace  , Meat Loaf
https://www.outsystems.com/blog/posts/what-is-a-microservice/,Fall From Grace,Fall From Grace  , Magna-Fi
https://www.outsystems.com/blog/posts/what-is-a-microservice/,look so easy,Look So Easy  , Dave Barnes
https://www.outsystems.com/blog/posts/what-is-a-microservice/,get it up,Get It Up  , Kodak Black
https://www.outsystems.com/blog/posts/what-is-a-microservice/,Why did you,Why Did You  , Kumbia Kings
https://www.outsystems.com/blog/posts/what-is-a-microservice/,Fall From Grace,Fall From Grace  , Infernal
https://www.outsystems.com/blog/posts/what-is-a-microservice/,Fall From Grace,Fall From Grace  , The Red Jumpsuit Apparatus
https://www.outsystems.com/blog/posts/what-is-a-microservice/,Fall From Grace,Fall From Grace  , BoySetsFire
https://www.outsystems.com/blog/posts/what-is-a-microservice/,Fall From Grace,Fall From Grace  , Meat Loaf
https://www.outsystems.com/blog/posts/what-is-a-microservice/,Fall From Grace,Fall From Grace  , Magna-Fi
https://www.outsystems.com/blog/posts/what-is-a-microservice/,look so easy,Look So Easy  , Dave Barnes
https://www.outsystems.com/blog/posts/what-is-a-microservice/,get it up,Get It Up  , Kodak Black
https://www.outsystems.com/blog/posts/list-we-forget/,on the Block,On The Block  , Bankroll Fresh
https://www.outsystems.com/blog/posts/consuming-multipart-form-data-rest-method/,The first thing,The First Thing  , Esmée Denters
https://www.outsystems.com/blog/posts/consuming-multipart-form-data-rest-method/,The first thing,The First Thing  , Quincy
https://www.outsystems.com/blog/posts/consuming-multipart-form-data-rest-method/,all of them,All Of Them  , Rich The Kid
https://www.outsystems.com/blog/posts/consuming-multipart-form-data-rest-method/,all of them,All Of Them  , Young Dolph
https://www.outsystems.com/blog/posts/consuming-multipart-form-data-rest-method/,the first one,The First One  , Boys Like Girls
https://www.outsystems.com/blog/posts/consuming-multipart-form-data-rest-method/,the first one,The First One  , George Jones
https://www.outsystems.com/blog/posts/consuming-multipart-form-data-rest-method/,what we want,What We Want  , Chumbawamba
https://www.outsystems.com/blog/posts/consuming-multipart-form-data-rest-method/,what we want,What We Want  , The Naked And Famous
https://www.outsystems.com/blog/posts/consuming-multipart-form-data-rest-method/,As can be,As Can Be  , John Frusciante
https://www.outsystems.com/blog/posts/consuming-multipart-form-data-rest-method/,make it work,Make It Work  , Migos
https://www.outsystems.com/blog/posts/consuming-multipart-form-data-rest-method/,make it work,Make It Work  , Christina Grimmie
https://www.outsystems.com/blog/posts/consuming-multipart-form-data-rest-method/,make it work,Make It Work  , Anderson .Paak
https://www.outsystems.com/blog/posts/consuming-multipart-form-data-rest-method/,make it work,Make It Work  , Ne-Yo
https://www.outsystems.com/blog/posts/consuming-multipart-form-data-rest-method/,make it work,Make It Work  , Majid Jordan
https://www.outsystems.com/blog/posts/consuming-multipart-form-data-rest-method/,make it work,Make It Work  , No1-Noah
https://www.outsystems.com/blog/posts/consuming-multipart-form-data-rest-method/,make it work,Make It Work  , Meek Mill
https://www.outsystems.com/blog/posts/consuming-multipart-form-data-rest-method/,make it work,Make It Work  , Rick Ross
https://www.outsystems.com/blog/posts/consuming-multipart-form-data-rest-method/,make it work,Make It Work  , Tyga
https://www.outsystems.com/blog/posts/regression-testing-with-nunit/,is that you,Is That You  , Tamia
https://www.outsystems.com/blog/posts/regression-testing-with-nunit/,is that you,Is That You  , Syleena Johnson
https://www.outsystems.com/blog/posts/regression-testing-with-nunit/,from the start,From The Start  , Rachelle Ann Go
https://www.outsystems.com/blog/posts/summer-reading-list-top-recommendations/,years from now,Years From Now  , Rob Thomas
https://www.outsystems.com/blog/posts/summer-reading-list-top-recommendations/,years from now,Years From Now  , Dr. Hook
https://www.outsystems.com/blog/posts/summer-reading-list-top-recommendations/,years from now,Years From Now  , Don Williams
https://www.outsystems.com/blog/posts/summer-reading-list-top-recommendations/,the turning point,The Turning Point  , Toto
https://www.outsystems.com/blog/posts/summer-reading-list-top-recommendations/,the turning point,The Turning Point  , Killswitch Engage
https://www.outsystems.com/blog/posts/summer-reading-list-top-recommendations/,At the end,At The End  , iiO
https://www.outsystems.com/blog/posts/summer-reading-list-top-recommendations/,change the way,Change The Way  , Aaron Shust
https://www.outsystems.com/blog/posts/building-ethereum-wallet-with-outsystems/,On the one,On The One  , Shanell
https://www.outsystems.com/blog/posts/outsystems-zendesk-partner-world-class-service-support/,yin and yang,Yin And Yang  , Adam Ant
https://www.outsystems.com/blog/posts/outsystems-zendesk-partner-world-class-service-support/,around the world,Around The World  , Daft Punk
https://www.outsystems.com/blog/posts/outsystems-zendesk-partner-world-class-service-support/,around the world,Around The World  , Red Hot Chili Peppers
https://www.outsystems.com/blog/posts/outsystems-zendesk-partner-world-class-service-support/,No matter what,No Matter What  , Ryan Stevenson
https://www.outsystems.com/blog/posts/outsystems-zendesk-partner-world-class-service-support/,No matter what,No Matter What  , Boyzone
https://www.outsystems.com/blog/posts/outsystems-zendesk-partner-world-class-service-support/,No matter what,No Matter What  , Papa Roach
https://www.outsystems.com/blog/posts/outsystems-zendesk-partner-world-class-service-support/,No matter what,No Matter What  , Badfinger
https://www.outsystems.com/blog/posts/outsystems-zendesk-partner-world-class-service-support/,Two years ago,Two Years Ago  , Ellie Goulding
https://www.outsystems.com/blog/posts/what-is-a-microservice/,Why did you,Why Did You  , Kumbia Kings
https://www.outsystems.com/blog/posts/what-is-a-microservice/,Fall From Grace,Fall From Grace  , Infernal
https://www.outsystems.com/blog/posts/what-is-a-microservice/,Fall From Grace,Fall From Grace  , The Red Jumpsuit Apparatus
https://www.outsystems.com/blog/posts/what-is-a-microservice/,Fall From Grace,Fall From Grace  , BoySetsFire
https://www.outsystems.com/blog/posts/what-is-a-microservice/,Fall From Grace,Fall From Grace  , Meat Loaf
https://www.outsystems.com/blog/posts/what-is-a-microservice/,Fall From Grace,Fall From Grace  , Magna-Fi
https://www.outsystems.com/blog/posts/what-is-a-microservice/,look so easy,Look So Easy  , Dave Barnes
https://www.outsystems.com/blog/posts/what-is-a-microservice/,get it up,Get It Up  , Kodak Black
https://www.outsystems.com/blog/posts/what-is-a-microservice/,get it up,Get It Up  , Wild Cherry
https://www.outsystems.com/blog/posts/list-we-forget/,on the Block,On The Block  , Bankroll Fresh
https://www.outsystems.com/blog/posts/consuming-multipart-form-data-rest-method/,The first thing,The First Thing  , Esmée Denters
https://www.outsystems.com/blog/posts/consuming-multipart-form-data-rest-method/,The first thing,The First Thing  , Quincy
https://www.outsystems.com/blog/posts/consuming-multipart-form-data-rest-method/,all of them,All Of Them  , Rich The Kid
https://www.outsystems.com/blog/posts/consuming-multipart-form-data-rest-method/,all of them,All Of Them  , Young Dolph
https://www.outsystems.com/blog/posts/consuming-multipart-form-data-rest-method/,the first one,The First One  , Boys Like Girls
https://www.outsystems.com/blog/posts/consuming-multipart-form-data-rest-method/,the first one,The First One  , George Jones
https://www.outsystems.com/blog/posts/consuming-multipart-form-data-rest-method/,what we want,What We Want  , Chumbawamba
https://www.outsystems.com/blog/posts/consuming-multipart-form-data-rest-method/,what we want,What We Want  , The Naked And Famous
https://www.outsystems.com/blog/posts/consuming-multipart-form-data-rest-method/,As can be,As Can Be  , John Frusciante
https://www.outsystems.com/blog/posts/consuming-multipart-form-data-rest-method/,make it work,Make It Work  , Migos
https://www.outsystems.com/blog/posts/consuming-multipart-form-data-rest-method/,make it work,Make It Work  , Christina Grimmie
https://www.outsystems.com/blog/posts/consuming-multipart-form-data-rest-method/,make it work,Make It Work  , Anderson .Paak
https://www.outsystems.com/blog/posts/consuming-multipart-form-data-rest-method/,make it work,Make It Work  , Ne-Yo
https://www.outsystems.com/blog/posts/consuming-multipart-form-data-rest-method/,make it work,Make It Work  , Majid Jordan
https://www.outsystems.com/blog/posts/consuming-multipart-form-data-rest-method/,make it work,Make It Work  , No1-Noah
https://www.outsystems.com/blog/posts/consuming-multipart-form-data-rest-method/,make it work,Make It Work  , Rick Ross
https://www.outsystems.com/blog/posts/consuming-multipart-form-data-rest-method/,make it work,Make It Work  , Meek Mill
https://www.outsystems.com/blog/posts/consuming-multipart-form-data-rest-method/,make it work,Make It Work  , Tyga
https://www.outsystems.com/blog/posts/regression-testing-with-nunit/,is that you,Is That You  , Tamia
https://www.outsystems.com/blog/posts/regression-testing-with-nunit/,is that you,Is That You  , Syleena Johnson
https://www.outsystems.com/blog/posts/regression-testing-with-nunit/,from the start,From The Start  , Rachelle Ann Go
https://www.outsystems.com/blog/posts/summer-reading-list-top-recommendations/,years from now,Years From Now  , Rob Thomas
https://www.outsystems.com/blog/posts/summer-reading-list-top-recommendations/,years from now,Years From Now  , Dr. Hook
https://www.outsystems.com/blog/posts/summer-reading-list-top-recommendations/,years from now,Years From Now  , Don Williams
https://www.outsystems.com/blog/posts/summer-reading-list-top-recommendations/,the turning point,The Turning Point  , Toto
https://www.outsystems.com/blog/posts/summer-reading-list-top-recommendations/,the turning point,The Turning Point  , Killswitch Engage
https://www.outsystems.com/blog/posts/summer-reading-list-top-recommendations/,change the way,Change The Way  , Aaron Shust
https://www.outsystems.com/blog/posts/building-ethereum-wallet-with-outsystems/,On the one,On The One  , Shanell
https://www.outsystems.com/blog/posts/outsystems-zendesk-partner-world-class-service-support/,yin and yang,Yin And Yang  , Adam Ant
https://www.outsystems.com/blog/posts/outsystems-zendesk-partner-world-class-service-support/,around the world,Around The World  , Daft Punk
https://www.outsystems.com/blog/posts/outsystems-zendesk-partner-world-class-service-support/,around the world,Around The World  , Red Hot Chili Peppers
https://www.outsystems.com/blog/posts/outsystems-zendesk-partner-world-class-service-support/,No matter what,No Matter What  , Ryan Stevenson
https://www.outsystems.com/blog/posts/outsystems-zendesk-partner-world-class-service-support/,No matter what,No Matter What  , Boyzone
https://www.outsystems.com/blog/posts/outsystems-zendesk-partner-world-class-service-support/,No matter what,No Matter What  , Badfinger
https://www.outsystems.com/blog/posts/outsystems-zendesk-partner-world-class-service-support/,No matter what,No Matter What  , Papa Roach
https://www.outsystems.com/blog/posts/outsystems-zendesk-partner-world-class-service-support/,Two years ago,Two Years Ago  , Ellie Goulding
https://www.outsystems.com/blog/posts/user-research-enterprise-apps/,Let’s be honest,Let’s Be Honest  , Blaqk Audio
https://www.outsystems.com/blog/posts/user-research-enterprise-apps/,Used to do,Used To Do  , Gabrielle Aplin
https://www.outsystems.com/blog/posts/user-research-enterprise-apps/,come with me,Come With Me  , Ex Battalion
https://www.outsystems.com/blog/posts/user-research-enterprise-apps/,come with me,Come With Me  , Phil Collins
https://www.outsystems.com/blog/posts/user-research-enterprise-apps/,come with me,Come With Me  , Special D
https://www.outsystems.com/blog/posts/user-research-enterprise-apps/,come with me,Come With Me  , Ray Charles
https://www.outsystems.com/blog/posts/user-research-enterprise-apps/,call the doctor,Call The Doctor  , The Moffatts
https://www.outsystems.com/blog/posts/user-research-enterprise-apps/,call the doctor,Call The Doctor  , Sleater-Kinney
https://www.outsystems.com/blog/posts/user-research-enterprise-apps/,call the doctor,Call The Doctor  , Funkadelic
https://www.outsystems.com/blog/posts/user-research-enterprise-apps/,call the doctor,Call The Doctor  , Peter Andre
https://www.outsystems.com/blog/posts/user-research-enterprise-apps/,call the doctor,Call The Doctor  , JJ Cale
https://www.outsystems.com/blog/posts/user-research-enterprise-apps/,Day and night,Day And Night  , Majid Jordan
https://www.outsystems.com/blog/posts/user-research-enterprise-apps/,Day and night,Day And Night  , Nina Simone
https://www.outsystems.com/blog/posts/user-research-enterprise-apps/,Day and night,Day And Night  , Isyss
https://www.outsystems.com/blog/posts/user-research-enterprise-apps/,the big picture,The Big Picture  , Elton John
https://www.outsystems.com/blog/posts/user-research-enterprise-apps/,the big picture,The Big Picture  , Tori Amos
https://www.outsystems.com/blog/posts/user-research-enterprise-apps/,the big picture,The Big Picture  , Devo
https://www.outsystems.com/blog/posts/user-research-enterprise-apps/,The good thing,The Good Thing  , Talking Heads
https://www.outsystems.com/blog/posts/user-research-enterprise-apps/,That is not,That Is Not  , Chief Keef
https://www.outsystems.com/blog/posts/outsystems-setup-azure-marketplace-ins-and-outs/,Ins and Outs,Ins And Outs  , Sofia Carson
https://www.outsystems.com/blog/posts/outsystems-setup-azure-marketplace-ins-and-outs/,the very best,The Very Best  , Jme
https://www.outsystems.com/blog/posts/outsystems-setup-azure-marketplace-ins-and-outs/,we got this,We Got This  , A Day To Remember
https://www.outsystems.com/blog/posts/outsystems-setup-azure-marketplace-ins-and-outs/,we got this,We Got This  , DMX
https://www.outsystems.com/blog/posts/outsystems-setup-azure-marketplace-ins-and-outs/,we got this,We Got This  , Madina Lake
https://www.outsystems.com/blog/posts/outsystems-setup-azure-marketplace-ins-and-outs/,we got this,We Got This  , Brother Ali
https://www.outsystems.com/blog/posts/outsystems-setup-azure-marketplace-ins-and-outs/,more or less,More Or Less  , Shyne
https://www.outsystems.com/blog/posts/outsystems-setup-azure-marketplace-ins-and-outs/,more or less,More Or Less  , Nipsey Hussle
https://www.outsystems.com/blog/posts/outsystems-setup-azure-marketplace-ins-and-outs/,more or less,More Or Less  , Asher Roth
https://www.outsystems.com/blog/posts/outsystems-setup-azure-marketplace-ins-and-outs/,more or less,More Or Less  , Screaming Trees
https://www.outsystems.com/blog/posts/outsystems-setup-azure-marketplace-ins-and-outs/,more or less,More Or Less  , Talib Kweli
https://www.outsystems.com/blog/posts/outsystems-setup-azure-marketplace-ins-and-outs/,Look at this,Look At This  , Yella Beezy & Philthy Rich
https://www.outsystems.com/blog/posts/outsystems-setup-azure-marketplace-ins-and-outs/,part of it,Part Of It  , Black Tide
https://www.outsystems.com/blog/posts/outsystems-setup-azure-marketplace-ins-and-outs/,part of it,Part Of It  , Relient K
https://www.outsystems.com/blog/posts/outsystems-setup-azure-marketplace-ins-and-outs/,less than two,Less Than Two  , Barcelona
https://www.outsystems.com/blog/posts/outsystems-setup-azure-marketplace-ins-and-outs/,less than two,Less Than Two  , Lamb
https://www.outsystems.com/blog/posts/outsystems-setup-azure-marketplace-ins-and-outs/,all that was,All That Was  , Ayreon
https://www.outsystems.com/blog/posts/designing-for-offline/,a deep breath,A Deep Breath  , Deadstar Assembly
https://www.outsystems.com/blog/posts/designing-for-offline/,The truth is,The Truth Is  , Liam Horne
https://www.outsystems.com/blog/posts/designing-for-offline/,The truth is,The Truth Is  , Charice
https://www.outsystems.com/blog/posts/designing-for-offline/,seems to be,Seems To Be  , Avant
https://www.outsystems.com/blog/posts/designing-for-offline/,the same way,The Same Way  , Gary Moore
https://www.outsystems.com/blog/posts/designing-for-offline/,the same way,The Same Way  , Mod Sun
https://www.outsystems.com/blog/posts/designing-for-offline/,in the zone,In The Zone  , Futuristic
https://www.outsystems.com/blog/posts/designing-for-offline/,in the zone,In The Zone  , Murs
https://www.outsystems.com/blog/posts/designing-for-offline/,in the zone,In The Zone  , Akinyele
https://www.outsystems.com/blog/posts/designing-for-offline/,in the zone,In The Zone  , Wyclef Jean
https://www.outsystems.com/blog/posts/designing-for-offline/,was a ghost,Was A Ghost  , Seven Mary Three
https://www.outsystems.com/blog/posts/designing-for-offline/,you are alone,You Are Alone  , The Flaming Lips
https://www.outsystems.com/blog/posts/designing-for-offline/,I was ready,I Was Ready  , Stevie Stone
https://www.outsystems.com/blog/posts/royal-holloway-university-london-low-code-hackathon/,for a moment,For A Moment  , Brooke Hogan
https://www.outsystems.com/blog/posts/building-enterprise-grade-poc-top-speed/,Some of them,Some Of Them  , Ultravox
https://www.outsystems.com/blog/posts/building-enterprise-grade-poc-top-speed/,The best way,The Best Way  , Trooper
https://www.outsystems.com/blog/posts/building-enterprise-grade-poc-top-speed/,the same thing,The Same Thing  , The Allman Brothers Band
https://www.outsystems.com/blog/posts/building-enterprise-grade-poc-top-speed/,the same thing,The Same Thing  , One Less Reason
https://www.outsystems.com/blog/posts/building-enterprise-grade-poc-top-speed/,they must be,They Must Be  , Pleasure P
https://www.outsystems.com/blog/posts/building-enterprise-grade-poc-top-speed/,and so on,And So On  , Newworldson
https://www.outsystems.com/blog/posts/building-enterprise-grade-poc-top-speed/,and so on,And So On  , Newworldson
https://www.outsystems.com/blog/posts/building-enterprise-grade-poc-top-speed/,and so on,And So On  , Newworldson
https://www.outsystems.com/blog/posts/building-enterprise-grade-poc-top-speed/,in no time,In No Time  , Mutemath
https://www.outsystems.com/blog/posts/accountability-fundamental-when-scaling/,change the way,Change The Way  , Aaron Shust
https://www.outsystems.com/blog/posts/accountability-fundamental-when-scaling/,This is not,This Is Not  , Static-X
https://www.outsystems.com/blog/posts/accountability-fundamental-when-scaling/,deal with it,Deal With It  , Corbin Bleu
https://www.outsystems.com/blog/posts/accountability-fundamental-when-scaling/,deal with it,Deal With It  , Frou Frou
https://www.outsystems.com/blog/posts/accountability-fundamental-when-scaling/,deal with it,Deal With It  , The Movielife
https://www.outsystems.com/blog/posts/accountability-fundamental-when-scaling/,I can tell,I Can Tell  , 504 Boyz
https://www.outsystems.com/blog/posts/accountability-fundamental-when-scaling/,I can tell,I Can Tell  , White Denim
https://www.outsystems.com/blog/posts/quarterly-highlights_outsystems-ide-q2-2018/,the little things,The Little Things  , Colbie Caillat
https://www.outsystems.com/blog/posts/quarterly-highlights_outsystems-ide-q2-2018/,the little things,The Little Things  , Dolly Parton
https://www.outsystems.com/blog/posts/quarterly-highlights_outsystems-ide-q2-2018/,the little things,The Little Things  , Chase Rice
https://www.outsystems.com/blog/posts/quarterly-highlights_outsystems-ide-q2-2018/,the little things,The Little Things  , Toto
https://www.outsystems.com/blog/posts/quarterly-highlights_outsystems-ide-q2-2018/,the little things,The Little Things  , Big Gigantic
https://www.outsystems.com/blog/posts/quarterly-highlights_outsystems-ide-q2-2018/,the little things,The Little Things  , Bryan White
https://www.outsystems.com/blog/posts/quarterly-highlights_outsystems-ide-q2-2018/,the little things,The Little Things  , Plug In Stereo
https://www.outsystems.com/blog/posts/quarterly-highlights_outsystems-ide-q2-2018/,the little things,The Little Things  , Madchild
https://www.outsystems.com/blog/posts/quarterly-highlights_outsystems-ide-q2-2018/,the other ones,The Other Ones  , CKY
https://www.outsystems.com/blog/posts/quarterly-highlights_outsystems-ide-q2-2018/,the other ones,The Other Ones  , Van Canto
https://www.outsystems.com/blog/posts/outsystems-community-music-contest/,What we have,What We Have  , Slum Village
https://www.outsystems.com/blog/posts/outsystems-community-music-contest/,What we have,What We Have  , CyHi The Prynce
https://www.outsystems.com/blog/posts/outsystems-community-music-contest/,it would be,It Would Be  , Trey Songz
https://www.outsystems.com/blog/posts/9-reasons-why-developers-are-embracing-low-code/,said and done,Said And Done  , Steven Curtis Chapman
https://www.outsystems.com/blog/posts/9-reasons-why-developers-are-embracing-low-code/,the number one,The Number One  , Atmosphere
https://www.outsystems.com/blog/posts/9-reasons-why-developers-are-embracing-low-code/,back to work,Back To Work  , Barbra Streisand
https://www.outsystems.com/blog/posts/how-mobile-apps-build-service-works/,before and after,Before And After  , Stellar Kart
https://www.outsystems.com/blog/posts/how-mobile-apps-build-service-works/,before and after,Before And After  , Jimmy Needham
https://www.outsystems.com/blog/posts/how-mobile-apps-build-service-works/,before and after,Before And After  , Rush
https://www.outsystems.com/blog/posts/how-mobile-apps-build-service-works/,before and after,Before And After  , Stellar Kart
https://www.outsystems.com/blog/posts/how-mobile-apps-build-service-works/,before and after,Before And After  , Jimmy Needham
https://www.outsystems.com/blog/posts/how-mobile-apps-build-service-works/,before and after,Before And After  , Rush
https://www.outsystems.com/blog/posts/how-mobile-apps-build-service-works/,before and after,Before And After  , Stellar Kart
https://www.outsystems.com/blog/posts/how-mobile-apps-build-service-works/,before and after,Before And After  , Jimmy Needham
https://www.outsystems.com/blog/posts/how-mobile-apps-build-service-works/,before and after,Before And After  , Rush
https://www.outsystems.com/blog/posts/5-skills-ui-designers-need-to-become-uxers/,taking the time,Taking The Time  , Procol Harum
https://www.outsystems.com/blog/posts/5-skills-ui-designers-need-to-become-uxers/,the only thing,The Only Thing  , Sufjan Stevens
https://www.outsystems.com/blog/posts/5-skills-ui-designers-need-to-become-uxers/,the only thing,The Only Thing  , Claptone
https://www.outsystems.com/blog/posts/5-skills-ui-designers-need-to-become-uxers/,the only thing,The Only Thing  , Stabbing Westward
https://www.outsystems.com/blog/posts/5-skills-ui-designers-need-to-become-uxers/,the only thing,The Only Thing  , The Vanished
https://www.outsystems.com/blog/posts/5-skills-ui-designers-need-to-become-uxers/,the only thing,The Only Thing  , The Hold Steady
https://www.outsystems.com/blog/posts/5-skills-ui-designers-need-to-become-uxers/,the only thing,The Only Thing  , Mayonnaise
https://www.outsystems.com/blog/posts/5-skills-ui-designers-need-to-become-uxers/,the only thing,The Only Thing  , Addison Road
https://www.outsystems.com/blog/posts/5-skills-ui-designers-need-to-become-uxers/,the road ahead,The Road Ahead  , Chris Rea
https://www.outsystems.com/blog/posts/5-skills-ui-designers-need-to-become-uxers/,the learning process,The Learning Process  , Scooter
https://www.outsystems.com/blog/posts/5-skills-ui-designers-need-to-become-uxers/,from the ground,From The Ground  , Hollywood Undead
https://www.outsystems.com/blog/posts/5-skills-ui-designers-need-to-become-uxers/,The best way,The Best Way  , Trooper
https://www.outsystems.com/blog/posts/5-skills-ui-designers-need-to-become-uxers/,pave the way,Pave The Way  , Killing Heidi
https://www.outsystems.com/blog/posts/what-does-a-software-developer-do/,A hundred years,A Hundred Years  , Tracy Chapman
https://www.outsystems.com/blog/posts/what-does-a-software-developer-do/,The next generation,The Next Generation  , Neneh Cherry
https://www.outsystems.com/blog/posts/thanking-our-developers-first/,spend it all,Spend It All  , Soulja Boy
https://www.outsystems.com/blog/posts/thanking-our-developers-first/,spend it all,Spend It All  , Chris Brown
https://www.outsystems.com/blog/posts/thanking-our-developers-first/,just for you,Just For You  , Lionel Richie
https://www.outsystems.com/blog/posts/thanking-our-developers-first/,just for you,Just For You  , Traffic
https://www.outsystems.com/blog/posts/thanking-our-developers-first/,just for you,Just For You  , Sticky Fingers
https://www.outsystems.com/blog/posts/thanking-our-developers-first/,Are you ready?,Are you Ready?  , Creed
https://www.outsystems.com/blog/posts/thanking-our-developers-first/,let you know,Let You Know  , Shekhinah
https://www.outsystems.com/blog/posts/thanking-our-developers-first/,let you know,Let You Know  , French Montana
https://www.outsystems.com/blog/posts/thanking-our-developers-first/,let you know,Let You Know  , Wilkinson
https://www.outsystems.com/blog/posts/thanking-our-developers-first/,let you know,Let You Know  , Hoobastank
https://www.outsystems.com/blog/posts/thanking-our-developers-first/,Who knows what,Who Knows What  , Bo Bice
https://www.outsystems.com/blog/posts/how-to-teach-child-about-asymmetric-cryptography/,try to explain,Try To Explain  , The Flaming Lips
https://www.outsystems.com/blog/posts/how-to-teach-child-about-asymmetric-cryptography/,The difference is,The Difference Is  , Del Amitri
https://www.outsystems.com/blog/posts/how-to-teach-child-about-asymmetric-cryptography/,The best way,The Best Way  , Trooper
https://www.outsystems.com/blog/posts/how-to-teach-child-about-asymmetric-cryptography/,think about it,Think About It  , Dennis Lloyd
https://www.outsystems.com/blog/posts/how-to-teach-child-about-asymmetric-cryptography/,think about it,Think About It  , Ne-Yo
https://www.outsystems.com/blog/posts/how-to-teach-child-about-asymmetric-cryptography/,space between us,Space Between Us  , Steps
https://www.outsystems.com/blog/posts/how-to-teach-child-about-asymmetric-cryptography/,space between us,Space Between Us  , Sister Hazel
https://www.outsystems.com/blog/posts/architect-developer-conference_modern-day-spaghetti-western/,you know what,You Know What  , Craig David
https://www.outsystems.com/blog/posts/architect-developer-conference_modern-day-spaghetti-western/,from the ground,From The Ground  , Hollywood Undead
https://www.outsystems.com/blog/posts/architect-developer-conference_modern-day-spaghetti-western/,that I would,That I Would  , Candice Alley
https://www.outsystems.com/blog/posts/open-concept_persuasive-poc/,not to be,Not To Be  , RJ
https://www.outsystems.com/blog/posts/open-concept_persuasive-poc/,what went wrong,What Went Wrong  , Blink-182
https://www.outsystems.com/blog/posts/open-concept_persuasive-poc/,what went wrong,What Went Wrong  , JP Cooper
https://www.outsystems.com/blog/posts/open-concept_persuasive-poc/,what went wrong,What Went Wrong  , The Smithereens
https://www.outsystems.com/blog/posts/open-concept_persuasive-poc/,what went wrong,What Went Wrong  , Mindy Smith
https://www.outsystems.com/blog/posts/open-concept_persuasive-poc/,what went wrong,What Went Wrong  , Saves The Day
https://www.outsystems.com/blog/posts/open-concept_persuasive-poc/,what went wrong,What Went Wrong  , The Hollies
https://www.outsystems.com/blog/posts/open-concept_persuasive-poc/,what went wrong,What Went Wrong  , The Moldy Peaches
https://www.outsystems.com/blog/posts/open-concept_persuasive-poc/,A lesson learned,A Lesson Learned  , Limp Bizkit
https://www.outsystems.com/blog/posts/drag-and-drop_gestures-glamour/,of all things,Of All Things  , G-Eazy
https://www.outsystems.com/blog/posts/drag-and-drop_gestures-glamour/,all with you,All With You  , Hayley Westenra
https://www.outsystems.com/blog/posts/drag-and-drop_gestures-glamour/,when you move,When You Move  , Parachute
https://www.outsystems.com/blog/posts/drag-and-drop_gestures-glamour/,and so on,And So On  , Newworldson
https://www.outsystems.com/blog/posts/drag-and-drop_gestures-glamour/,keep in mind,Keep In Mind  , LoCash Cowboys
https://www.outsystems.com/blog/posts/drag-and-drop_gestures-glamour/,if you want,If You Want  , Donell Jones
https://www.outsystems.com/blog/posts/drag-and-drop_gestures-glamour/,What would happen,What Would Happen  , Meredith Brooks
https://www.outsystems.com/blog/posts/drag-and-drop_gestures-glamour/,the right place,The Right Place  , Masicka
https://www.outsystems.com/blog/posts/drag-and-drop_gestures-glamour/,the right place,The Right Place  , Taylor Hicks
https://www.outsystems.com/blog/posts/enterprise-cross-platform-mobile-app-development-tools-compared/,If you are,If You Are  , Alyssa Reid
https://www.outsystems.com/blog/posts/enterprise-cross-platform-mobile-app-development-tools-compared/,matter of time,Matter Of Time  , Kem
https://www.outsystems.com/blog/posts/masters-front-end-universe/,time to think,Time To Think  , Kimya Dawson
https://www.outsystems.com/blog/posts/masters-front-end-universe/,have a look,Have A Look  , Vanessa Amorosi
https://www.outsystems.com/blog/posts/masters-front-end-universe/,what we know,What We Know  , Sonic Youth
https://www.outsystems.com/blog/posts/masters-front-end-universe/,I love this,I Love This  , Jamie Cullum
https://www.outsystems.com/blog/posts/masters-front-end-universe/,The best way,The Best Way  , Trooper
https://www.outsystems.com/blog/posts/masters-front-end-universe/,at the end,At The End  , iiO
https://www.outsystems.com/blog/posts/masters-front-end-universe/,all of this,All Of This  , Blink-182
https://www.outsystems.com/blog/small-budget-cross-platform-mobile-app-development-tools-compared.html,the right place,The Right Place  , Masicka
https://www.outsystems.com/blog/small-budget-cross-platform-mobile-app-development-tools-compared.html,the right place,The Right Place  , Taylor Hicks
https://www.outsystems.com/blog/small-budget-cross-platform-mobile-app-development-tools-compared.html,the right place,The Right Place  , Bryan Adams
https://www.outsystems.com/blog/small-budget-cross-platform-mobile-app-development-tools-compared.html,A little bit,A Little Bit  , MYMP
https://www.outsystems.com/blog/small-budget-cross-platform-mobile-app-development-tools-compared.html,If you want,If You Want  , Donell Jones
